year,top_score,top_pop
2000,"[[263, 8.77, 601186, 'https://cdn.myanimelist.net/images/anime/4/86334.jpg', 'Hajime no Ippo'], [372, 8.21, 116773, 'https://cdn.myanimelist.net/images/anime/1652/90326.jpg', 'Cardcaptor Sakura Movie 2: Fuuin Sareta Card'], [1382, 8.08, 10901, 'https://cdn.myanimelist.net/images/anime/1187/132740.jpg', 'Yuusha-Ou GaoGaiGar Final'], [227, 8.03, 829809, 'https://cdn.myanimelist.net/images/anime/7/77356.jpg', 'FLCL'], [1363, 8.03, 63382, 'https://cdn.myanimelist.net/images/anime/1196/94319.jpg', 'Meitantei Conan Movie 04: Hitomi no Naka no Ansatsusha']]","[[227, 8.03, 829809, 'https://cdn.myanimelist.net/images/anime/7/77356.jpg', 'FLCL'], [249, 7.86, 803460, 'https://cdn.myanimelist.net/images/anime/1589/95329.jpg', 'InuYasha'], [263, 8.77, 601186, 'https://cdn.myanimelist.net/images/anime/4/86334.jpg', 'Hajime no Ippo'], [481, 7.49, 400607, 'https://cdn.myanimelist.net/images/anime/3/77055.jpg', 'YuGiOh! Duel Monsters'], [189, 7.09, 268084, 'https://cdn.myanimelist.net/images/anime/1153/99366.jpg', 'Love Hina']]"
2001,"[[199, 8.77, 1868855, 'https://cdn.myanimelist.net/images/anime/6/79597.jpg', 'Sen to Chihiro no Kamikakushi'], [5, 8.38, 381361, 'https://cdn.myanimelist.net/images/anime/1439/93480.jpg', 'Cowboy Bebop: Tengoku no Tobira'], [1364, 8.11, 64557, 'https://cdn.myanimelist.net/images/anime/1144/92654.jpg', 'Meitantei Conan Movie 05: Tengoku e no Countdown'], [135, 8.07, 139857, 'https://cdn.myanimelist.net/images/anime/12/78317.jpg', 'Hikaru no Go'], [401, 7.96, 85145, 'https://cdn.myanimelist.net/images/anime/1971/90877.jpg', 'Rurouni Kenshin: Meiji Kenkaku Romantan - Seisou-hen']]","[[199, 8.77, 1868855, 'https://cdn.myanimelist.net/images/anime/6/79597.jpg', 'Sen to Chihiro no Kamikakushi'], [270, 7.49, 731963, 'https://cdn.myanimelist.net/images/anime/10/19956.jpg', 'Hellsing'], [120, 7.69, 541978, 'https://cdn.myanimelist.net/images/anime/4/75204.jpg', 'Fruits Basket'], [5, 8.38, 381361, 'https://cdn.myanimelist.net/images/anime/1439/93480.jpg', 'Cowboy Bebop: Tengoku no Tobira'], [154, 7.74, 368163, 'https://cdn.myanimelist.net/images/anime/1722/99235.jpg', 'Shaman King']]"
2002,"[[467, 8.42, 399474, 'https://cdn.myanimelist.net/images/anime/11/50857.jpg', 'Koukaku Kidoutai: Stand Alone Complex'], [137, 8.31, 128016, 'https://cdn.myanimelist.net/images/anime/1/137.jpg', 'Hunter x Hunter: Original Video Animation'], [1365, 8.29, 78894, 'https://cdn.myanimelist.net/images/anime/1400/94320.jpg', 'Meitantei Conan Movie 06: Baker Street no Bourei'], [1033, 8.24, 189718, 'https://cdn.myanimelist.net/images/anime/1648/93626.jpg', 'Sennen Joyuu'], [721, 8.13, 170959, 'https://cdn.myanimelist.net/images/anime/1145/93646.jpg', 'Princess Tutu']]","[[20, 8, 2871903, 'https://cdn.myanimelist.net/images/anime/1141/142503.jpg', 'Naruto'], [71, 7.6, 500007, 'https://cdn.myanimelist.net/images/anime/2/75259.jpg', 'Full Metal Panic!'], [59, 7.4, 486665, 'https://cdn.myanimelist.net/images/anime/4/24648.jpg', 'Chobits'], [467, 8.42, 399474, 'https://cdn.myanimelist.net/images/anime/11/50857.jpg', 'Koukaku Kidoutai: Stand Alone Complex'], [66, 8.03, 368409, 'https://cdn.myanimelist.net/images/anime/1066/117358.jpg', 'Azumanga Daiou The Animation']]"
2003,"[[486, 8.28, 320567, 'https://cdn.myanimelist.net/images/anime/1763/95397.jpg', 'Kino no Tabi: The Beautiful World'], [759, 8.28, 296916, 'https://cdn.myanimelist.net/images/anime/1480/132791.jpg', 'Tokyo Godfathers'], [264, 8.26, 140203, 'https://cdn.myanimelist.net/images/anime/1521/137978.jpg', 'Hajime no Ippo: Champion Road'], [329, 8.25, 255998, 'https://cdn.myanimelist.net/images/anime/1209/142900.jpg', 'Planetes'], [265, 8.24, 112767, 'https://cdn.myanimelist.net/images/anime/4/64737.jpg', 'Hajime no Ippo: Mashiba vs. Kimura']]","[[121, 8.11, 1478010, 'https://cdn.myanimelist.net/images/anime/10/75815.jpg', 'Fullmetal Alchemist'], [202, 7.79, 330736, 'https://cdn.myanimelist.net/images/anime/5/59403.jpg', ""Wolf's Rain""], [486, 8.28, 320567, 'https://cdn.myanimelist.net/images/anime/1763/95397.jpg', 'Kino no Tabi: The Beautiful World'], [72, 8.02, 298315, 'https://cdn.myanimelist.net/images/anime/4/75260.jpg', 'Full Metal Panic? Fumoffu'], [759, 8.28, 296916, 'https://cdn.myanimelist.net/images/anime/1480/132791.jpg', 'Tokyo Godfathers']]"
2004,"[[19, 8.88, 1135471, 'https://cdn.myanimelist.net/images/anime/10/18793.jpg', 'Monster'], [431, 8.66, 1351303, 'https://cdn.myanimelist.net/images/anime/1470/138723.jpg', 'Howl no Ugoku Shiro'], [801, 8.52, 228712, 'https://cdn.myanimelist.net/images/anime/1646/135390.jpg', 'Koukaku Kidoutai: Stand Alone Complex 2nd GIG'], [205, 8.51, 1248306, 'https://cdn.myanimelist.net/images/anime/1370/135212.jpg', 'Samurai Champloo'], [57, 8.29, 344528, 'https://cdn.myanimelist.net/images/anime/11/11636.jpg', 'Beck']]","[[269, 7.94, 1982665, 'https://cdn.myanimelist.net/images/anime/3/40451.jpg', 'Bleach'], [226, 7.47, 1522077, 'https://cdn.myanimelist.net/images/anime/1780/121555.jpg', 'Elfen Lied'], [431, 8.66, 1351303, 'https://cdn.myanimelist.net/images/anime/1470/138723.jpg', 'Howl no Ugoku Shiro'], [205, 8.51, 1248306, 'https://cdn.myanimelist.net/images/anime/1370/135212.jpg', 'Samurai Champloo'], [19, 8.88, 1135471, 'https://cdn.myanimelist.net/images/anime/10/18793.jpg', 'Monster']]"
2005,"[[457, 8.66, 836424, 'https://cdn.myanimelist.net/images/anime/2/73862.jpg', 'Mushishi'], [2951, 8.08, 56897, 'https://cdn.myanimelist.net/images/anime/1897/139500.jpg', 'Gintama: Nanigoto mo Saisho ga Kanjin nanode Tashou Senobisuru Kurai ga Choudoyoi'], [2449, 8.07, 41048, 'https://cdn.myanimelist.net/images/anime/1127/141116.jpg', 'Koukaku Kidoutai: Stand Alone Complex - The Laughing Man'], [237, 8.05, 437940, 'https://cdn.myanimelist.net/images/anime/12/34443.jpg', 'Koukyoushihen Eureka Seven'], [1974, 8.04, 40560, 'https://cdn.myanimelist.net/images/anime/7/75061.jpg', 'Glass no Kamen (2005)']]","[[457, 8.66, 836424, 'https://cdn.myanimelist.net/images/anime/2/73862.jpg', 'Mushishi'], [355, 7.44, 538966, 'https://cdn.myanimelist.net/images/anime/8/21197.jpg', 'Shakugan no Shana'], [237, 8.05, 437940, 'https://cdn.myanimelist.net/images/anime/12/34443.jpg', 'Koukyoushihen Eureka Seven'], [150, 7.61, 379193, 'https://cdn.myanimelist.net/images/anime/10/10183.jpg', 'Blood+'], [228, 7.61, 362920, 'https://cdn.myanimelist.net/images/anime/4/86907.jpg', 'Jigoku Shoujo']]"
2006,"[[918, 8.93, 1071439, 'https://cdn.myanimelist.net/images/anime/10/73274.jpg', 'Gintama'], [1575, 8.7, 2266608, 'https://cdn.myanimelist.net/images/anime/1032/135088.jpg', 'Code Geass: Hangyaku no Lelouch'], [1535, 8.62, 3929723, 'https://cdn.myanimelist.net/images/anime/1079/138100.jpg', 'Death Note'], [877, 8.55, 678399, 'https://cdn.myanimelist.net/images/anime/2/11232.jpg', 'Nana'], [777, 8.35, 937943, 'https://cdn.myanimelist.net/images/anime/6/7333.jpg', 'Hellsing Ultimate']]","[[1535, 8.62, 3929723, 'https://cdn.myanimelist.net/images/anime/1079/138100.jpg', 'Death Note'], [1575, 8.7, 2266608, 'https://cdn.myanimelist.net/images/anime/1032/135088.jpg', 'Code Geass: Hangyaku no Lelouch'], [853, 8.16, 1132415, 'https://cdn.myanimelist.net/images/anime/2/71992.jpg', 'Ouran Koukou Host Club'], [918, 8.93, 1071439, 'https://cdn.myanimelist.net/images/anime/10/73274.jpg', 'Gintama'], [889, 8.03, 1017214, 'https://cdn.myanimelist.net/images/anime/1906/121592.jpg', 'Black Lagoon']]"
2007,"[[2001, 8.63, 1622066, 'https://cdn.myanimelist.net/images/anime/4/5123.jpg', 'Tengen Toppa Gurren Lagann'], [2246, 8.42, 331599, 'https://cdn.myanimelist.net/images/anime/3/20713.jpg', 'Mononoke'], [2251, 8.36, 910116, 'https://cdn.myanimelist.net/images/anime/3/14547.jpg', 'Baccano!'], [1735, 8.27, 2503431, 'https://cdn.myanimelist.net/images/anime/1565/111305.jpg', 'Naruto: Shippuuden'], [2685, 8.27, 96353, 'https://cdn.myanimelist.net/images/anime/4/49129.jpg', 'Tsubasa: Tokyo Revelations']]","[[1735, 8.27, 2503431, 'https://cdn.myanimelist.net/images/anime/1565/111305.jpg', 'Naruto: Shippuuden'], [2001, 8.63, 1622066, 'https://cdn.myanimelist.net/images/anime/4/5123.jpg', 'Tengen Toppa Gurren Lagann'], [2167, 7.99, 1421080, 'https://cdn.myanimelist.net/images/anime/1804/95033.jpg', 'Clannad'], [2025, 8.05, 951355, 'https://cdn.myanimelist.net/images/anime/5/19570.jpg', 'Darker than Black: Kuro no Keiyakusha'], [1689, 7.56, 949579, 'https://cdn.myanimelist.net/images/anime/1410/112994.jpg', 'Byousoku 5 Centimeter']]"
2008,"[[4181, 8.93, 1200775, 'https://cdn.myanimelist.net/images/anime/1299/110774.jpg', 'Clannad: After Story'], [2904, 8.91, 1793864, 'https://cdn.myanimelist.net/images/anime/1088/135089.jpg', 'Code Geass: Hangyaku no Lelouch R2'], [4282, 8.52, 240283, 'https://cdn.myanimelist.net/images/anime/4/75851.jpg', 'Kara no Kyoukai Movie 5: Mujun Rasen'], [3297, 8.48, 130617, 'https://cdn.myanimelist.net/images/anime/1431/132867.jpg', 'Aria the Origination'], [6945, 8.35, 70762, 'https://cdn.myanimelist.net/images/anime/6/16161.jpg', 'Gintama: Shiroyasha Koutan']]","[[4224, 8.06, 2216955, 'https://cdn.myanimelist.net/images/anime/13/22128.jpg', 'Toradora!'], [2904, 8.91, 1793864, 'https://cdn.myanimelist.net/images/anime/1088/135089.jpg', 'Code Geass: Hangyaku no Lelouch R2'], [3588, 7.84, 1637171, 'https://cdn.myanimelist.net/images/anime/9/7804.jpg', 'Soul Eater'], [4181, 8.93, 1200775, 'https://cdn.myanimelist.net/images/anime/1299/110774.jpg', 'Clannad: After Story'], [4898, 7.66, 1192368, 'https://cdn.myanimelist.net/images/anime/1467/137783.jpg', 'Kuroshitsuji']]"
2009,"[[5114, 9.09, 3368959, 'https://cdn.myanimelist.net/images/anime/1208/94745.jpg', 'Fullmetal Alchemist: Brotherhood'], [5258, 8.67, 289978, 'https://cdn.myanimelist.net/images/anime/8/56617.jpg', 'Hajime no Ippo: New Challenger'], [4565, 8.58, 218876, 'https://cdn.myanimelist.net/images/anime/12/19698.jpg', 'Tengen Toppa Gurren Lagann Movie 2: Lagann-hen'], [5300, 8.54, 249797, 'https://cdn.myanimelist.net/images/anime/4/79738.jpg', 'Zoku Natsume Yuujinchou'], [5028, 8.4, 71588, 'https://cdn.myanimelist.net/images/anime/9/75218.jpg', 'Major S5']]","[[5114, 9.09, 3368959, 'https://cdn.myanimelist.net/images/anime/1208/94745.jpg', 'Fullmetal Alchemist: Brotherhood'], [6702, 7.57, 1747146, 'https://cdn.myanimelist.net/images/anime/5/18179.jpg', 'Fairy Tail'], [5081, 8.32, 1406701, 'https://cdn.myanimelist.net/images/anime/11/75274.jpg', 'Bakemonogatari'], [5680, 7.86, 1058797, 'https://cdn.myanimelist.net/images/anime/10/76120.jpg', 'K-On!'], [6045, 8.01, 958191, 'https://cdn.myanimelist.net/images/anime/1502/124384.jpg', 'Kimi ni Todoke']]"
2010,"[[7311, 8.6, 613474, 'https://cdn.myanimelist.net/images/anime/1248/112352.jpg', 'Suzumiya Haruhi no Shoushitsu'], [7785, 8.55, 454745, 'https://cdn.myanimelist.net/images/anime/1633/123689.jpg', 'Yojouhan Shinwa Taikei'], [7472, 8.52, 165555, 'https://cdn.myanimelist.net/images/anime/4/28803.jpg', 'Gintama Movie 1: Shinyaku Benizakura-hen'], [6114, 8.47, 398537, 'https://cdn.myanimelist.net/images/anime/9/72697.jpg', 'Rainbow: Nisha Rokubou no Shichinin'], [6594, 8.3, 564964, 'https://cdn.myanimelist.net/images/anime/1112/119225.jpg', 'Katanagatari']]","[[6547, 8.05, 2084058, 'https://cdn.myanimelist.net/images/anime/1244/111115.jpg', 'Angel Beats!'], [8074, 7.07, 1517171, 'https://cdn.myanimelist.net/images/anime/11/78311.jpg', 'Highschool of the Dead'], [6746, 8.1, 1413561, 'https://cdn.myanimelist.net/images/anime/10/71772.jpg', 'Durarara!!'], [7054, 8, 1256910, 'https://cdn.myanimelist.net/images/anime/6/25254.jpg', 'Kaichou wa Maid-sama!'], [7791, 8.17, 700974, 'https://cdn.myanimelist.net/images/anime/12/76121.jpg', 'K-On!!']]"
2011,"[[9253, 9.07, 2581075, 'https://cdn.myanimelist.net/images/anime/1935/127974.jpg', 'Steins;Gate'], [9969, 9.03, 560659, 'https://cdn.myanimelist.net/images/anime/4/50361.jpg', ""Gintama'""], [11061, 9.03, 2858459, 'https://cdn.myanimelist.net/images/anime/1337/99013.jpg', 'Hunter x Hunter (2011)'], [10379, 8.57, 254397, 'https://cdn.myanimelist.net/images/anime/8/82394.jpg', 'Natsume Yuujinchou San'], [10165, 8.46, 903743, 'https://cdn.myanimelist.net/images/anime/3/75617.jpg', 'Nichijou']]","[[11061, 9.03, 2858459, 'https://cdn.myanimelist.net/images/anime/1337/99013.jpg', 'Hunter x Hunter (2011)'], [9253, 9.07, 2581075, 'https://cdn.myanimelist.net/images/anime/1935/127974.jpg', 'Steins;Gate'], [10620, 7.4, 2021931, 'https://cdn.myanimelist.net/images/anime/13/33465.jpg', 'Mirai Nikki (TV)'], [9919, 7.48, 1937978, 'https://cdn.myanimelist.net/images/anime/10/75195.jpg', 'Ao no Exorcist'], [9989, 8.3, 1614606, 'https://cdn.myanimelist.net/images/anime/5/79697.jpg', 'Ano Hi Mita Hana no Namae wo Bokutachi wa Mada Shiranai.']]"
2012,"[[15417, 9.02, 327693, 'https://cdn.myanimelist.net/images/anime/1452/123686.jpg', ""Gintama': Enchousen""], [11665, 8.64, 247077, 'https://cdn.myanimelist.net/images/anime/3/37449.jpg', 'Natsume Yuujinchou Shi'], [12355, 8.57, 818550, 'https://cdn.myanimelist.net/images/anime/9/35721.jpg', 'Ookami Kodomo no Ame to Yuki'], [11741, 8.54, 1123114, 'https://cdn.myanimelist.net/images/anime/1522/117645.jpg', 'Fate/Zero 2nd Season'], [12365, 8.53, 331873, 'https://cdn.myanimelist.net/images/anime/6/41845.jpg', 'Bakuman. 3rd Season']]","[[11757, 7.21, 3089802, 'https://cdn.myanimelist.net/images/anime/11/39717.jpg', 'Sword Art Online'], [14719, 7.88, 1676986, 'https://cdn.myanimelist.net/images/anime/3/40409.jpg', 'JoJo no Kimyou na Bouken (TV)'], [11111, 7.47, 1676170, 'https://cdn.myanimelist.net/images/anime/4/75509.jpg', 'Another'], [13601, 8.33, 1642521, 'https://cdn.myanimelist.net/images/anime/1314/142015.jpg', 'Psycho-Pass'], [11617, 7.33, 1436793, 'https://cdn.myanimelist.net/images/anime/1331/111940.jpg', 'High School DxD']]"
2013,"[[15335, 8.9, 242439, 'https://cdn.myanimelist.net/images/anime/10/51723.jpg', 'Gintama Movie 2: Kanketsu-hen - Yorozuya yo Eien Nare'], [17074, 8.76, 673740, 'https://cdn.myanimelist.net/images/anime/1807/121534.jpg', 'Monogatari Series: Second Season'], [19647, 8.6, 263305, 'https://cdn.myanimelist.net/images/anime/6/56147.jpg', 'Hajime no Ippo: Rising'], [16498, 8.55, 3974934, 'https://cdn.myanimelist.net/images/anime/10/47347.jpg', 'Shingeki no Kyojin'], [11981, 8.48, 383229, 'https://cdn.myanimelist.net/images/anime/5/54231.jpg', 'Mahou Shoujo MadokaMagica Movie 3: Hangyaku no Monogatari']]","[[16498, 8.55, 3974934, 'https://cdn.myanimelist.net/images/anime/10/47347.jpg', 'Shingeki no Kyojin'], [18679, 8.03, 1733047, 'https://cdn.myanimelist.net/images/anime/1464/111943.jpg', 'Kill la Kill'], [15809, 7.73, 1571465, 'https://cdn.myanimelist.net/images/anime/3/50177.jpg', 'Hataraku Maou-sama!'], [14813, 8, 1443245, 'https://cdn.myanimelist.net/images/anime/1786/120117.jpg', 'Yahari Ore no Seishun Love Comedy wa Machigatteiru.'], [18153, 7.72, 1173215, 'https://cdn.myanimelist.net/images/anime/3/85468.jpg', 'Kyoukai no Kanata']]"
2014,"[[24701, 8.73, 269163, 'https://cdn.myanimelist.net/images/anime/9/68095.jpg', 'Mushishi Zoku Shou 2nd Season'], [21939, 8.69, 302720, 'https://cdn.myanimelist.net/images/anime/13/58533.jpg', 'Mushishi Zoku Shou'], [23273, 8.64, 2228972, 'https://cdn.myanimelist.net/images/anime/1405/143284.jpg', 'Shigatsu wa Kimi no Uso'], [22135, 8.62, 397585, 'https://cdn.myanimelist.net/images/anime/10/58041.jpg', 'Ping Pong the Animation'], [21329, 8.53, 141012, 'https://cdn.myanimelist.net/images/anime/10/59315.jpg', 'Mushishi: Hihamukage']]","[[22319, 7.79, 2836835, 'https://cdn.myanimelist.net/images/anime/1498/134443.jpg', 'Tokyo Ghoul'], [19815, 8.06, 2408202, 'https://cdn.myanimelist.net/images/anime/1074/111944.jpg', 'No Game No Life'], [23273, 8.64, 2228972, 'https://cdn.myanimelist.net/images/anime/1405/143284.jpg', 'Shigatsu wa Kimi no Uso'], [20507, 7.94, 2174414, 'https://cdn.myanimelist.net/images/anime/1886/128266.jpg', 'Noragami'], [22199, 7.47, 2103203, 'https://cdn.myanimelist.net/images/anime/1429/95946.jpg', 'Akame ga Kill!']]"
2015,"[[28977, 9.06, 635660, 'https://cdn.myanimelist.net/images/anime/3/72078.jpg', 'Gintama'], [28891, 8.62, 1442221, 'https://cdn.myanimelist.net/images/anime/9/76662.jpg', 'Haikyuu!! Second Season'], [30276, 8.49, 3241744, 'https://cdn.myanimelist.net/images/anime/12/76049.jpg', 'One Punch Man'], [31181, 8.45, 480781, 'https://cdn.myanimelist.net/images/anime/8/76479.jpg', 'Owarimonogatari'], [26055, 8.44, 1124120, 'https://cdn.myanimelist.net/images/anime/11/75045.jpg', 'JoJo no Kimyou na Bouken Part 3: Stardust Crusaders 2nd Season']]","[[30276, 8.49, 3241744, 'https://cdn.myanimelist.net/images/anime/12/76049.jpg', 'One Punch Man'], [24833, 8.08, 2032885, 'https://cdn.myanimelist.net/images/anime/5/75639.jpg', 'Ansatsu Kyoushitsu'], [27899, 7.02, 1782735, 'https://cdn.myanimelist.net/images/anime/1889/123307.jpg', 'Tokyo Ghoul A'], [28223, 8.14, 1782497, 'https://cdn.myanimelist.net/images/anime/5/71553.jpg', 'Death Parade'], [28171, 8.14, 1651747, 'https://cdn.myanimelist.net/images/anime/3/72943.jpg', 'Shokugeki no Souma']]"
2016,"[[28851, 8.93, 2351087, 'https://cdn.myanimelist.net/images/anime/1122/96435.jpg', 'Koe no Katachi'], [32281, 8.84, 2763810, 'https://cdn.myanimelist.net/images/anime/5/87048.jpg', 'Kimi no Na wa.'], [32935, 8.78, 1214603, 'https://cdn.myanimelist.net/images/anime/7/81992.jpg', 'Haikyuu!! Karasuno Koukou vs. Shiratorizawa Gakuen Koukou'], [31757, 8.57, 448747, 'https://cdn.myanimelist.net/images/anime/1981/112812.jpg', 'Kizumonogatari II: Nekketsu-hen'], [28735, 8.56, 293511, 'https://cdn.myanimelist.net/images/anime/1354/124768.jpg', 'Shouwa Genroku Rakugo Shinjuu']]","[[31964, 7.86, 3043810, 'https://cdn.myanimelist.net/images/anime/10/78745.jpg', 'Boku no Hero Academia'], [32281, 8.84, 2763810, 'https://cdn.myanimelist.net/images/anime/5/87048.jpg', 'Kimi no Na wa.'], [28851, 8.93, 2351087, 'https://cdn.myanimelist.net/images/anime/1122/96435.jpg', 'Koe no Katachi'], [31240, 8.23, 2210566, 'https://cdn.myanimelist.net/images/anime/1522/128039.jpg', 'Re:Zero kara Hajimeru Isekai Seikatsu'], [31043, 8.3, 2108654, 'https://cdn.myanimelist.net/images/anime/10/77957.jpg', 'Boku dake ga Inai Machi']]"
2017,"[[34096, 8.98, 317144, 'https://cdn.myanimelist.net/images/anime/3/83528.jpg', 'Gintama.'], [35180, 8.92, 405062, 'https://cdn.myanimelist.net/images/anime/3/88469.jpg', '3-gatsu no Lion 2nd Season'], [35247, 8.87, 402152, 'https://cdn.myanimelist.net/images/anime/6/87322.jpg', 'Owarimonogatari 2nd Season'], [31758, 8.78, 466233, 'https://cdn.myanimelist.net/images/anime/1084/112813.jpg', 'Kizumonogatari III: Reiketsu-hen'], [33095, 8.71, 188873, 'https://cdn.myanimelist.net/images/anime/1493/124765.jpg', 'Shouwa Genroku Rakugo Shinjuu: Sukeroku Futatabi-hen']]","[[25777, 8.52, 2741778, 'https://cdn.myanimelist.net/images/anime/4/84177.jpg', 'Shingeki no Kyojin Season 2'], [33486, 8.08, 2536712, 'https://cdn.myanimelist.net/images/anime/12/85221.jpg', 'Boku no Hero Academia 2nd Season'], [34572, 8.14, 1683796, 'https://cdn.myanimelist.net/images/anime/2/88336.jpg', 'Black Clover'], [32937, 8.25, 1527966, 'https://cdn.myanimelist.net/images/anime/2/83188.jpg', 'Kono Subarashii Sekai ni Shukufuku wo! 2'], [34933, 7.23, 1497413, 'https://cdn.myanimelist.net/images/anime/3/86578.jpg', 'Kakegurui']]"
2018,"[[37491, 8.88, 200803, 'https://cdn.myanimelist.net/images/anime/1776/96566.jpg', 'Gintama.: Shirogane no Tamashii-hen - Kouhan-sen'], [36838, 8.81, 214766, 'https://cdn.myanimelist.net/images/anime/12/89603.jpg', 'Gintama.: Shirogane no Tamashii-hen'], [33352, 8.68, 1798128, 'https://cdn.myanimelist.net/images/anime/1795/95088.jpg', 'Violet Evergarden'], [35760, 8.62, 2388645, 'https://cdn.myanimelist.net/images/anime/1173/92110.jpg', 'Shingeki no Kyojin Season 3'], [37991, 8.57, 1035447, 'https://cdn.myanimelist.net/images/anime/1572/95010.jpg', 'JoJo no Kimyou na Bouken Part 5: Ougon no Kaze']]","[[35760, 8.62, 2388645, 'https://cdn.myanimelist.net/images/anime/1173/92110.jpg', 'Shingeki no Kyojin Season 3'], [36456, 8.01, 2201215, 'https://cdn.myanimelist.net/images/anime/1319/92084.jpg', 'Boku no Hero Academia 3rd Season'], [33352, 8.68, 1798128, 'https://cdn.myanimelist.net/images/anime/1795/95088.jpg', 'Violet Evergarden'], [37450, 8.23, 1752190, 'https://cdn.myanimelist.net/images/anime/1301/93586.jpg', 'Seishun Buta Yarou wa Bunny Girl Senpai no Yume wo Minai'], [35849, 7.19, 1658982, 'https://cdn.myanimelist.net/images/anime/1614/90408.jpg', 'Darling in the FranXX']]"
2019,"[[38524, 9.05, 2300374, 'https://cdn.myanimelist.net/images/anime/1517/100633.jpg', 'Shingeki no Kyojin Season 3 Part 2'], [37510, 8.79, 1546169, 'https://cdn.myanimelist.net/images/anime/1918/96303.jpg', 'Mob Psycho 100 II'], [37521, 8.75, 1537473, 'https://cdn.myanimelist.net/images/anime/1500/103005.jpg', 'Vinland Saga'], [38329, 8.59, 718292, 'https://cdn.myanimelist.net/images/anime/1613/102179.jpg', 'Seishun Buta Yarou wa Yumemiru Shoujo no Yume wo Minai'], [37779, 8.49, 1982387, 'https://cdn.myanimelist.net/images/anime/1830/118780.jpg', 'Yakusoku no Neverland']]","[[38000, 8.46, 3060965, 'https://cdn.myanimelist.net/images/anime/1286/99889.jpg', 'Kimetsu no Yaiba'], [38524, 9.05, 2300374, 'https://cdn.myanimelist.net/images/anime/1517/100633.jpg', 'Shingeki no Kyojin Season 3 Part 2'], [37779, 8.49, 1982387, 'https://cdn.myanimelist.net/images/anime/1830/118780.jpg', 'Yakusoku no Neverland'], [38691, 8.27, 1753939, 'https://cdn.myanimelist.net/images/anime/1613/102576.jpg', 'Dr. Stone'], [37999, 8.41, 1753245, 'https://cdn.myanimelist.net/images/anime/1295/106551.jpg', 'Kaguya-sama wa Kokurasetai: Tensai-tachi no Renai Zunousen']]"
2020,"[[37987, 8.86, 619559, 'https://cdn.myanimelist.net/images/anime/1825/110716.jpg', 'Violet Evergarden Movie'], [40682, 8.82, 105388, 'https://cdn.myanimelist.net/images/anime/1443/111830.jpg', 'Kingdom 3rd Season'], [33050, 8.66, 355514, 'https://cdn.myanimelist.net/images/anime/1142/112957.jpg', ""Fate/stay night Movie: Heaven's Feel - III. Spring Song""], [40591, 8.63, 1353933, 'https://cdn.myanimelist.net/images/anime/1764/106659.jpg', 'Kaguya-sama wa Kokurasetai? Tensai-tachi no Renai Zunousen'], [36862, 8.61, 469047, 'https://cdn.myanimelist.net/images/anime/1502/110723.jpg', 'Made in Abyss Movie 3: Fukaki Tamashii no Reimei']]","[[40748, 8.6, 2581916, 'https://cdn.myanimelist.net/images/anime/1171/109222.jpg', 'Jujutsu Kaisen'], [40456, 8.58, 1558721, 'https://cdn.myanimelist.net/images/anime/1704/106947.jpg', 'Kimetsu no Yaiba Movie: Mugen Ressha-hen'], [40591, 8.63, 1353933, 'https://cdn.myanimelist.net/images/anime/1764/106659.jpg', 'Kaguya-sama wa Kokurasetai? Tensai-tachi no Renai Zunousen'], [39587, 8.33, 1116586, 'https://cdn.myanimelist.net/images/anime/1444/108005.jpg', 'Re:Zero kara Hajimeru Isekai Seikatsu 2nd Season'], [40839, 6.97, 992965, 'https://cdn.myanimelist.net/images/anime/1902/128382.jpg', 'Kanojo, Okarishimasu']]"
2021,"[[42938, 8.97, 484856, 'https://cdn.myanimelist.net/images/anime/1085/114792.jpg', 'Fruits Basket: The Final'], [40028, 8.78, 2019632, 'https://cdn.myanimelist.net/images/anime/1000/110531.jpg', 'Shingeki no Kyojin: The Final Season'], [44074, 8.73, 373575, 'https://cdn.myanimelist.net/images/anime/1135/114867.jpg', 'Shiguang Dailiren'], [48569, 8.7, 509503, 'https://cdn.myanimelist.net/images/anime/1321/117508.jpg', '86 Part 2'], [46102, 8.66, 438670, 'https://cdn.myanimelist.net/images/anime/1981/113348.jpg', 'Odd Taxi']]","[[40028, 8.78, 2019632, 'https://cdn.myanimelist.net/images/anime/1000/110531.jpg', 'Shingeki no Kyojin: The Final Season'], [42897, 8.2, 1399013, 'https://cdn.myanimelist.net/images/anime/1695/111486.jpg', 'Horimiya'], [39535, 8.37, 1340504, 'https://cdn.myanimelist.net/images/anime/1530/117776.jpg', 'Mushoku Tensei: Isekai Ittara Honki Dasu'], [42249, 7.91, 1264625, 'https://cdn.myanimelist.net/images/anime/1839/122012.jpg', 'Tokyo Revengers'], [41587, 7.37, 1197392, 'https://cdn.myanimelist.net/images/anime/1911/113611.jpg', 'Boku no Hero Academia 5th Season']]"
2022,"[[43608, 9.01, 942480, 'https://cdn.myanimelist.net/images/anime/1160/122627.jpg', 'Kaguya-sama wa Kokurasetai: Ultra Romantic'], [41467, 9.01, 552219, 'https://cdn.myanimelist.net/images/anime/1908/135431.jpg', 'Bleach: Sennen Kessen-hen'], [47917, 8.78, 586579, 'https://cdn.myanimelist.net/images/anime/1448/127956.jpg', 'Bocchi the Rock!'], [52198, 8.77, 272950, 'https://cdn.myanimelist.net/images/anime/1670/130060.jpg', 'Kaguya-sama wa Kokurasetai: First Kiss wa Owaranai'], [48583, 8.76, 1311501, 'https://cdn.myanimelist.net/images/anime/1948/120625.jpg', 'Shingeki no Kyojin: The Final Season Part 2']]","[[50265, 8.52, 1581650, 'https://cdn.myanimelist.net/images/anime/1441/122795.jpg', 'Spy x Family'], [44511, 8.5, 1546275, 'https://cdn.myanimelist.net/images/anime/1806/126216.jpg', 'Chainsaw Man'], [47778, 8.74, 1452820, 'https://cdn.myanimelist.net/images/anime/1908/120036.jpg', 'Kimetsu no Yaiba: Yuukaku-hen'], [48583, 8.76, 1311501, 'https://cdn.myanimelist.net/images/anime/1948/120625.jpg', 'Shingeki no Kyojin: The Final Season Part 2'], [48736, 8.18, 1074624, 'https://cdn.myanimelist.net/images/anime/1179/119897.jpg', 'Sono Bisque Doll wa Koi wo Suru']]"
2023,"[[52991, 9.35, 789006, 'https://cdn.myanimelist.net/images/anime/1015/138006.jpg', 'Sousou no Frieren'], [54492, 8.9, 422724, 'https://cdn.myanimelist.net/images/anime/1708/138033.jpg', 'Kusuriya no Hitorigoto'], [51535, 8.89, 661683, 'https://cdn.myanimelist.net/images/anime/1279/131078.jpg', 'Shingeki no Kyojin: The Final Season - Kanketsu-hen'], [51009, 8.82, 968266, 'https://cdn.myanimelist.net/images/anime/1792/138022.jpg', 'Jujutsu Kaisen 2nd Season'], [49387, 8.81, 627075, 'https://cdn.myanimelist.net/images/anime/1170/124312.jpg', 'Vinland Saga Season 2']]","[[51009, 8.82, 968266, 'https://cdn.myanimelist.net/images/anime/1792/138022.jpg', 'Jujutsu Kaisen 2nd Season'], [51019, 8.23, 842014, 'https://cdn.myanimelist.net/images/anime/1765/135099.jpg', 'Kimetsu no Yaiba: Katanakaji no Sato-hen'], [52034, 8.64, 807599, 'https://cdn.myanimelist.net/images/anime/1812/134736.jpg', '""Oshi no Ko""'], [52991, 9.35, 789006, 'https://cdn.myanimelist.net/images/anime/1015/138006.jpg', 'Sousou no Frieren'], [46569, 8.1, 693473, 'https://cdn.myanimelist.net/images/anime/1075/131925.jpg', 'Jigokuraku']]"
2024,"[[55690, 8.84, 187111, 'https://cdn.myanimelist.net/images/anime/1643/138581.jpg', 'Boku no Kokoro no Yabai Yatsu 2nd Season'], [52742, 8.68, 124819, 'https://cdn.myanimelist.net/images/anime/1665/140360.jpg', 'Haikyuu!! Movie: Gomisuteba no Kessen'], [52701, 8.6, 293975, 'https://cdn.myanimelist.net/images/anime/1711/142478.jpg', 'Dungeon Meshi'], [55888, 8.48, 316079, 'https://cdn.myanimelist.net/images/anime/1876/141251.jpg', 'Mushoku Tensei II: Isekai Ittara Honki Dasu Part 2'], [49458, 8.44, 384942, 'https://cdn.myanimelist.net/images/anime/1758/141268.jpg', 'Kono Subarashii Sekai ni Shukufuku wo! 3']]","[[52299, 8.31, 680846, 'https://cdn.myanimelist.net/images/anime/1801/142390.jpg', 'Ore dake Level Up na Ken'], [49458, 8.44, 384942, 'https://cdn.myanimelist.net/images/anime/1758/141268.jpg', 'Kono Subarashii Sekai ni Shukufuku wo! 3'], [55701, 8.07, 375654, 'https://cdn.myanimelist.net/images/anime/1565/142711.jpg', 'Kimetsu no Yaiba: Hashira Geiko-hen'], [51180, 7.98, 374906, 'https://cdn.myanimelist.net/images/anime/1332/139318.jpg', 'Youkoso Jitsuryoku Shijou Shugi no Kyoushitsu e 3rd Season'], [55813, 7.84, 333205, 'https://cdn.myanimelist.net/images/anime/1912/140804.jpg', 'Mashle: Shinkakusha Kouho Senbatsu Shiken-hen']]"
